customer_id,limit_bal,sex,education,marriage,age,pay_0,pay_2,pay_3,pay_4,pay_5,pay_6,bill_amt1,bill_amt2,bill_amt3,bill_amt4,bill_amt5,bill_amt6,pay_amt1,pay_amt2,pay_amt3,pay_amt4,pay_amt5,pay_amt6,default_next_month,sex_label,education_label,marriage_label,age_band,limit_band,avg_bill_amt,max_bill_amt,min_bill_amt,total_bill_amt,total_payment_amt,avg_payment_amt,avg_utilization,max_utilization,recent_utilization,payment_to_bill_ratio,payment_to_limit_ratio,months_delinquent,max_delinquency,avg_delinquency,recent_delinquency,severe_delinquency_flag,bill_amount_trend,payment_momentum,revolving_balance_flag,low_payment_high_util_flag,young_high_util_flag,avg_bill_amt_winsor,log_avg_bill_amt_abs,max_bill_amt_winsor,log_max_bill_amt_abs,total_bill_amt_winsor,log_total_bill_amt_abs,total_payment_amt_winsor,log_total_payment_amt_abs,avg_payment_amt_winsor,log_avg_payment_amt_abs
1,20000.0,2,2,1,24,2,2,-1,-1,-2,-2,3913.0,3102.0,689.0,0.0,0.0,0.0,0.0,689.0,0.0,0.0,0.0,0.0,1,female,university,married,18_25,limit_q1_low,1284.0,3913.0,0.0,7704.0,689.0,114.83333333333333,0.0642,0.19565,0.19565,0.08942245295262817,0.03445,2,2,0.6666666666666666,2,0,0.19565,0.03445,0,0,0,1284.0,7.158513997329321,3913.0,8.272315147956022,7704.0,8.949624747754216,689.0,6.536691597591305,114.83333333333333,4.7521523763367375
2,120000.0,2,2,2,26,-1,2,0,0,0,2,2682.0,1725.0,2682.0,3272.0,3455.0,3261.0,0.0,1000.0,1000.0,1000.0,0.0,2000.0,1,female,university,single,26_35,limit_q3,2846.1666666666665,3455.0,1725.0,17077.0,5000.0,833.3333333333334,0.023718055555555555,0.028791666666666667,0.02235,0.29277432954678534,0.041666666666666664,2,2,0.6666666666666666,0,0,-0.004825,-0.008333333333333333,0,0,0,2846.1666666666665,7.954079626719002,3455.0,8.147867129923947,17077.0,9.745546364467552,5000.0,8.517393171418904,833.3333333333334,6.7266330027636645
3,90000.0,2,2,2,34,0,0,0,0,0,0,29239.0,14027.0,13559.0,14331.0,14948.0,15549.0,1518.0,1500.0,1000.0,1000.0,1000.0,5000.0,0,female,university,single,26_35,limit_q2,16942.166666666668,29239.0,13559.0,101653.0,11018.0,1836.3333333333333,0.1882462962962963,0.32487777777777777,0.32487777777777777,0.10838727448009916,0.12242222222222222,0,0,0.0,0,0,0.1521111111111111,-0.033133333333333334,0,0,0,16942.166666666668,9.737619885013855,29239.0,10.283292913863715,101653.0,11.529330168995505,11018.0,9.307376334487778,1836.3333333333333,7.516070524025385
4,50000.0,2,2,1,37,0,0,0,0,0,0,46990.0,48233.0,49291.0,28314.0,28959.0,29547.0,2000.0,2019.0,1200.0,1100.0,1069.0,1000.0,0,female,university,married,36_45,limit_q1_low,38555.666666666664,49291.0,28314.0,231334.0,8388.0,1398.0,0.7711133333333333,0.98582,0.9398,0.03625910476149307,0.16776,0,0,0.0,0,0,0.34886,0.039,1,1,0,38555.666666666664,10.559884299621338,49291.0,10.805517075058013,231334.0,12.35162215540583,8388.0,9.034676602846295,1398.0,7.243512974665482
5,50000.0,1,2,1,57,-1,0,-1,0,0,0,8617.0,5670.0,35835.0,20940.0,19146.0,19131.0,2000.0,36681.0,10000.0,9000.0,689.0,679.0,0,male,university,married,56_plus,limit_q1_low,18223.166666666668,35835.0,5670.0,109339.0,59049.0,9841.5,0.36446333333333336,0.7167,0.17234,0.5400493872324859,1.18098,0,0,0.0,0,0,-0.21028,0.74626,0,0,0,18223.166666666668,9.810503831094369,35835.0,10.486708253717469,109339.0,11.60221757244899,59049.0,10.986139821625509,9841.5,9.194465022817893
6,50000.0,1,1,2,37,0,0,0,0,0,0,64400.0,57069.0,57608.0,19394.0,19619.0,20024.0,2500.0,1815.0,657.0,1000.0,1000.0,800.0,0,male,graduate_school,single,36_45,limit_q1_low,39685.666666666664,64400.0,19394.0,238114.0,7772.0,1295.3333333333333,0.7937133333333333,1.288,1.288,0.03263969090565483,0.15544,0,0,0.0,0,0,0.88752,0.0503,1,1,0,39685.666666666664,10.588770558039272,64400.0,11.072884439922198,238114.0,12.380509029230643,7772.0,8.958411469230219,1295.3333333333333,7.167295045487638
7,500000.0,1,1,2,29,0,0,0,0,0,0,367965.0,412023.0,445007.0,542653.0,483003.0,473944.0,55000.0,40000.0,38000.0,20239.0,13750.0,13770.0,0,male,graduate_school,single,26_35,limit_q5_high,454099.1666666667,542653.0,367965.0,2724595.0,180759.0,30126.5,0.9081983333333333,1.085306,0.73593,0.0663434138492459,0.361518,0,0,0.0,0,0,-0.211958,0.13496,0,0,1,300288.1933333332,13.026073084112328,370616.1899999982,13.204227195080755,1801729.1599999992,14.81783071820761,180759.0,12.104925463525216,30126.5,10.313193654901546
8,100000.0,2,2,2,23,0,-1,-1,0,0,-1,11876.0,380.0,601.0,221.0,-159.0,567.0,380.0,601.0,0.0,581.0,1687.0,1542.0,0,female,university,single,18_25,limit_q2,2247.6666666666665,11876.0,-159.0,13486.0,4791.0,798.5,0.022476666666666666,0.11876,0.11876,0.3552309631496997,0.04791,0,0,0.0,0,0,0.11309,-0.02248,0,0,0,2247.6666666666665,7.718092726953485,11876.0,9.38235903577424,13486.0,9.509481537516857,4791.0,8.474703139795285,798.5,6.683986532274009
9,140000.0,2,3,1,28,0,0,2,0,0,0,11285.0,14096.0,12108.0,12211.0,11793.0,3719.0,3329.0,0.0,432.0,1000.0,1000.0,1000.0,0,female,high_school,married,26_35,limit_q3,10868.666666666666,14096.0,3719.0,65212.0,6761.0,1126.8333333333333,0.07763333333333333,0.10068571428571428,0.08060714285714286,0.10367564749359791,0.048292857142857144,1,2,0.3333333333333333,0,0,0.05404285714285714,0.009492857142857143,0,0,0,10868.666666666666,9.293731314205012,14096.0,9.553717287770926,65212.0,11.085414114542965,6761.0,8.819073983267831,1126.8333333333333,7.02805366700417
10,20000.0,1,3,2,35,-2,-2,-2,-2,-1,-1,0.0,0.0,0.0,0.0,13007.0,13912.0,0.0,0.0,0.0,13007.0,1122.0,0.0,0,male,high_school,single,26_35,limit_q1_low,4486.5,13912.0,0.0,26919.0,14129.0,2354.8333333333335,0.224325,0.6956,0.0,0.524851411589896,0.70645,0,0,0.0,0,0,-0.6956,-0.0561,0,0,0,4486.5,8.409051032796535,13912.0,9.540578933841877,26919.0,10.200624783758665,14129.0,9.556055475678573,2354.8333333333335,7.764649800899636
11,200000.0,2,3,2,34,0,0,2,0,0,-1,11073.0,9787.0,5535.0,2513.0,1828.0,3731.0,2306.0,12.0,50.0,300.0,3738.0,66.0,0,female,high_school,single,26_35,limit_q4,5744.5,11073.0,1828.0,34467.0,6472.0,1078.6666666666667,0.0287225,0.055365,0.055365,0.18776836486016016,0.03236,1,2,0.3333333333333333,0,0,0.03671,-0.00743,0,0,0,5744.5,8.656172218697689,11073.0,9.312355297382913,34467.0,10.447786636359657,6472.0,8.77539495854551,1078.6666666666667,6.984407630503219
12,260000.0,2,1,2,51,-1,-1,-1,-1,-1,2,12261.0,21670.0,9966.0,8517.0,22287.0,13668.0,21818.0,9966.0,8583.0,22301.0,0.0,3640.0,0,female,graduate_school,single,46_55,limit_q4,14728.166666666666,22287.0,8517.0,88369.0,66308.0,11051.333333333334,0.05664679487179487,0.08571923076923077,0.04715769230769231,0.75034513975331,0.2550307692307692,1,2,0.3333333333333333,0,0,-0.0054115384615384616,0.10824615384615385,0,0,0,14728.166666666666,9.597584933970818,22287.0,10.011803696019587,88369.0,11.38928782451205,66308.0,11.102080913567551,11051.333333333334,9.310396846042103
13,630000.0,2,2,2,41,-1,0,-1,-1,-1,-1,12137.0,6500.0,6500.0,6500.0,6500.0,2870.0,1000.0,6500.0,6500.0,6500.0,2870.0,0.0,0,female,university,single,36_45,limit_q5_high,6834.5,12137.0,2870.0,41007.0,23370.0,3895.0,0.0108484126984127,0.019265079365079363,0.019265079365079363,0.5698888021849395,0.0370952380952381,0,0,0.0,0,0,0.01470952380952381,0.007349206349206349,0,0,0,6834.5,8.829884899372047,12137.0,9.4040963063958,41007.0,10.621522448603852,23370.0,10.059251216519025,3895.0,8.267705664762426
14,70000.0,1,2,2,30,1,2,2,0,0,2,65802.0,67369.0,65701.0,66782.0,36137.0,36894.0,3200.0,0.0,3000.0,3000.0,1500.0,0.0,1,male,university,single,26_35,limit_q2,56447.5,67369.0,36137.0,338685.0,10700.0,1783.3333333333333,0.8063928571428571,0.9624142857142857,0.9400285714285714,0.031592684669575946,0.15285714285714286,4,2,1.1666666666666667,1,0,0.41297142857142854,0.024285714285714285,1,1,1,56447.5,10.941083997036985,67369.0,11.117955093954706,338685.0,12.73282870343725,10700.0,9.278092474027002,1783.3333333333333,7.486800141725271
15,250000.0,1,1,2,29,0,0,0,0,0,0,70887.0,67060.0,63561.0,59696.0,56875.0,55512.0,3000.0,3000.0,3000.0,3000.0,3000.0,3000.0,0,male,graduate_school,single,26_35,limit_q4,62265.166666666664,70887.0,55512.0,373591.0,18000.0,3000.0,0.24906066666666665,0.283548,0.283548,0.048180903231332575,0.072,0,0,0.0,0,0,0.0615,0.0,0,0,0,62265.166666666664,11.039173486097942,70887.0,11.168856445727139,373591.0,12.830919571831325,18000.0,9.798182590890704,3000.0,8.006700845440367
16,50000.0,2,3,3,23,1,2,0,0,0,0,50614.0,29173.0,28116.0,28771.0,29531.0,30211.0,0.0,1500.0,1100.0,1200.0,1300.0,1100.0,0,female,high_school,other,18_25,limit_q1_low,32736.0,50614.0,28116.0,196416.0,6200.0,1033.3333333333333,0.65472,1.01228,1.01228,0.03156549585830147,0.124,2,2,0.5,1,0,0.40806,-0.018,1,1,1,32736.0,10.39626121569437,50614.0,10.832003254032852,196416.0,12.187995229201377,6200.0,8.732465848349879,1033.3333333333333,6.94151237578027
17,20000.0,1,1,2,24,0,0,2,2,2,2,15376.0,18010.0,17428.0,18338.0,17905.0,19104.0,3200.0,0.0,1500.0,0.0,1650.0,0.0,1,male,graduate_school,single,18_25,limit_q1_low,17693.5,19104.0,15376.0,106161.0,6350.0,1058.3333333333333,0.884675,0.9552,0.7688,0.059814246152107155,0.3175,4,2,1.3333333333333333,0,0,-0.1864,0.0775,0,1,1,17693.5,9.781009135810686,19104.0,9.857705359881,106161.0,11.572721508316194,6350.0,8.756367559802975,1058.3333333333333,6.965395058428552
18,320000.0,1,1,1,49,0,0,0,-1,-1,-1,253286.0,246536.0,194663.0,70074.0,5856.0,195599.0,10358.0,10000.0,75940.0,20000.0,195599.0,50000.0,0,male,graduate_school,married,46_55,limit_q5_high,161002.33333333334,253286.0,5856.0,966014.0,361897.0,60316.166666666664,0.5031322916666667,0.79151875,0.79151875,0.37462875835261356,1.130928125,0,0,0.0,0,0,0.180271875,-0.703878125,0,0,0,161002.33333333334,11.989180347686023,253286.0,12.44227851213028,966014.0,13.780934641024409,270603.9399999998,12.799117683148058,45100.65666666664,11.007372029872178
19,360000.0,2,1,1,49,1,-2,-2,-2,-2,-2,0.0,0.0,0.0,0.0,0.0,0.0,0.0,0.0,0.0,0.0,0.0,0.0,0,female,graduate_school,married,46_55,limit_q5_high,0.0,0.0,0.0,0.0,0.0,0.0,0.0,0.0,0.0,0.0,0.0,1,1,0.16666666666666666,1,0,0.0,0.0,0,0,0,0.0,0.0,0.0,0.0,0.0,0.0,0.0,0.0,0.0,0.0
20,180000.0,2,1,2,29,1,-2,-2,-2,-2,-2,0.0,0.0,0.0,0.0,0.0,0.0,0.0,0.0,0.0,0.0,0.0,0.0,0,female,graduate_school,single,26_35,limit_q3,0.0,0.0,0.0,0.0,0.0,0.0,0.0,0.0,0.0,0.0,0.0,1,1,0.16666666666666666,1,0,0.0,0.0,0,0,0,0.0,0.0,0.0,0.0,0.0,0.0,0.0,0.0,0.0,0.0
21,130000.0,2,3,2,39,0,0,0,0,0,-1,38358.0,27688.0,24489.0,20616.0,11802.0,930.0,3000.0,1537.0,1000.0,2000.0,930.0,33764.0,0,female,high_school,single,36_45,limit_q3,20647.166666666668,38358.0,930.0,123883.0,42231.0,7038.5,0.15882435897435898,0.2950615384615385,0.2950615384615385,0.34089147912563367,0.32485384615384616,0,0,0.0,0,0,0.2879076923076923,-0.23197692307692308,0,0,0,20647.166666666668,9.935381813172667,38358.0,10.554744459835888,123883.0,11.727100922878089,42231.0,10.650933506503453,7038.5,8.859292423902582
22,120000.0,2,2,1,39,-1,-1,-1,-1,-1,-1,316.0,316.0,316.0,0.0,632.0,316.0,316.0,316.0,0.0,632.0,316.0,0.0,1,female,university,married,36_45,limit_q3,316.0,632.0,0.0,1896.0,1580.0,263.3333333333333,0.0026333333333333334,0.005266666666666667,0.0026333333333333334,0.8328940432261466,0.013166666666666667,0,0,0.0,0,0,0.0,0.0026333333333333334,0,0,0,316.0,5.75890177387728,632.0,6.450470422144176,1896.0,7.5480289699350145,1580.0,7.365812837209472,263.3333333333333,5.5772109329667385
23,70000.0,2,2,2,26,2,0,0,2,2,2,41087.0,42445.0,45020.0,44006.0,46905.0,46012.0,2007.0,3582.0,0.0,3601.0,0.0,1820.0,1,female,university,single,26_35,limit_q2,44245.833333333336,46905.0,41087.0,265475.0,11010.0,1835.0,0.6320833333333333,0.6700714285714285,0.5869571428571428,0.041472675496090045,0.15728571428571428,4,2,1.3333333333333333,2,0,-0.07035714285714285,0.053842857142857144,0,0,0,44245.833333333336,10.697539084786804,46905.0,10.755900878021523,265475.0,12.489279720097986,11010.0,9.306650052113591,1835.0,7.515344571180436
24,450000.0,2,1,1,40,-2,-2,-2,-2,-2,-2,5512.0,19420.0,1473.0,560.0,0.0,0.0,19428.0,1473.0,560.0,0.0,0.0,1128.0,1,female,graduate_school,married,36_45,limit_q5_high,4494.166666666667,19420.0,0.0,26965.0,22589.0,3764.8333333333335,0.009987037037037037,0.04315555555555556,0.012248888888888889,0.8376844915819921,0.05019777777777778,0,0,0.0,0,0,0.012248888888888889,0.04394,0,0,0,4494.166666666667,8.410758024453417,19420.0,9.874110233825451,26965.0,10.20233209219402,22589.0,10.025262609462049,3764.8333333333335,8.233724452617325
25,90000.0,1,1,2,23,0,0,0,-1,0,0,4744.0,7070.0,0.0,5398.0,6360.0,8292.0,5757.0,0.0,5398.0,1200.0,2045.0,2000.0,0,male,graduate_school,single,18_25,limit_q2,5310.666666666667,8292.0,0.0,31864.0,16400.0,2733.3333333333335,0.05900740740740741,0.09213333333333333,0.05271111111111111,0.5146712694178566,0.18222222222222223,0,0,0.0,0,0,-0.03942222222222222,0.01902222222222222,0,0,0,5310.666666666667,8.577660938183326,8292.0,9.023167064451204,31864.0,10.369263507748395,16400.0,9.70509758756311,2733.3333333333335,7.91364293133464
26,50000.0,1,3,2,23,0,0,0,0,0,0,47620.0,41810.0,36023.0,28967.0,29829.0,30046.0,1973.0,1426.0,1001.0,1432.0,1062.0,997.0,0,male,high_school,single,18_25,limit_q1_low,35715.833333333336,47620.0,28967.0,214295.0,7891.0,1315.1666666666667,0.7143166666666667,0.9524,0.9524,0.036822899167506626,0.15782,0,0,0.0,0,0,0.35148,0.0268,1,1,1,35715.833333333336,10.483377378578302,47620.0,10.771029119400374,214295.0,12.275113515865161,7891.0,8.973604867142505,1315.1666666666667,7.182478750269526
27,60000.0,1,1,2,27,1,-2,-1,-1,-1,-1,-109.0,-425.0,259.0,-57.0,127.0,-189.0,0.0,1000.0,0.0,500.0,0.0,1000.0,1,male,graduate_school,single,26_35,limit_q2,-65.66666666666667,259.0,-425.0,-394.0,2500.0,416.6666666666667,-0.0010944444444444445,0.004316666666666667,-0.0018166666666666667,6.329113924050633,0.041666666666666664,1,1,0.16666666666666666,1,0,0.0013333333333333333,0.0,0,0,0,0.0,4.199705077879927,259.0,5.560681631015528,0.0,5.978885764901122,2500.0,7.824445930877619,416.6666666666667,6.034683666227958
28,50000.0,2,3,2,30,0,0,0,0,0,0,22541.0,16138.0,17163.0,17878.0,18931.0,19617.0,1300.0,1300.0,1000.0,1500.0,1000.0,1012.0,0,female,high_school,single,26_35,limit_q1_low,18711.333333333332,22541.0,16138.0,112268.0,7112.0,1185.3333333333333,0.37422666666666665,0.45082,0.45082,0.06334785203395417,0.14224,0,0,0.0,0,0,0.05848,0.01176,0,0,0,18711.333333333332,9.836938121985925,22541.0,10.023135514802023,112268.0,11.6286530563142,7112.0,8.869679374733515,1185.3333333333333,7.078622596842083
29,50000.0,2,3,1,47,-1,-1,-1,-1,-1,-1,650.0,3415.0,3416.0,2040.0,30430.0,257.0,3415.0,3421.0,2044.0,30430.0,257.0,0.0,0,female,high_school,married,46_55,limit_q1_low,6701.333333333333,30430.0,257.0,40208.0,39567.0,6594.5,0.13402666666666666,0.6086,0.013,0.984033425352533,0.79134,0,0,0.0,0,0,0.00786,0.13158,0,0,0,6701.333333333333,8.810211003457537,30430.0,10.323217104657997,40208.0,10.601846130146606,39567.0,10.585775989761197,6594.5,8.794142877288975
30,50000.0,1,1,2,26,0,0,0,0,0,0,15329.0,16575.0,17496.0,17907.0,18375.0,11400.0,1500.0,1500.0,1000.0,1000.0,1600.0,0.0,0,male,graduate_school,single,26_35,limit_q1_low,16180.333333333334,18375.0,11400.0,97082.0,6600.0,1100.0,0.32360666666666665,0.3675,0.30658,0.06798306603627824,0.132,0,0,0.0,0,0,0.07858,0.028,0,0,0,16180.333333333334,9.691613593480149,18375.0,9.818800744368934,97082.0,11.483321561711648,6600.0,8.79497643168877,1100.0,7.00397413672268
31,230000.0,2,1,2,27,-1,-1,-1,-1,-1,-1,16646.0,17265.0,13266.0,15339.0,14307.0,36923.0,17270.0,13281.0,15339.0,14307.0,37292.0,0.0,0,female,graduate_school,single,26_35,limit_q4,18957.666666666668,36923.0,13266.0,113746.0,97489.0,16248.166666666666,0.08242463768115943,0.16053478260869566,0.07237391304347826,0.85706875785735,0.42386521739130434,0,0,0.0,0,0,-0.08816086956521739,-0.029308695652173915,0,0,0,18957.666666666668,9.850016449848155,36923.0,10.516617025110042,113746.0,11.641731962839033,97489.0,11.487505087623317,16248.166666666666,9.695796904391631
32,50000.0,1,2,2,33,2,0,0,0,0,0,30518.0,29618.0,22102.0,22734.0,23217.0,23680.0,1718.0,1500.0,1000.0,1000.0,1000.0,716.0,1,male,university,single,26_35,limit_q1_low,25311.5,30518.0,22102.0,151869.0,6934.0,1155.6666666666667,0.50623,0.61036,0.61036,0.045657470204780407,0.13868,1,2,0.3333333333333333,2,0,0.13676,0.03004,0,0,0,25311.5,10.139053623848895,30518.0,10.326104719461858,151869.0,11.930780170724315,6934.0,8.844336332748933,1155.6666666666667,7.053297584272795
33,100000.0,1,1,2,32,0,0,0,0,0,0,93036.0,84071.0,82880.0,80958.0,78703.0,75589.0,3023.0,3511.0,3302.0,3204.0,3200.0,2504.0,0,male,graduate_school,single,26_35,limit_q2,82539.5,93036.0,75589.0,495237.0,18744.0,3124.0,0.825395,0.93036,0.93036,0.03784846881701323,0.18744,0,0,0.0,0,0,0.17447,0.0083,1,1,0,82539.5,11.321044360957234,93036.0,11.440752542476647,495237.0,13.112793734080467,18744.0,9.838682329170013,3124.0,8.047189562170502
34,500000.0,2,2,1,54,-2,-2,-2,-2,-2,-2,10929.0,4152.0,22722.0,7521.0,71439.0,8981.0,4152.0,22827.0,7521.0,71439.0,981.0,51582.0,0,female,university,married,46_55,limit_q5_high,20957.333333333332,71439.0,4152.0,125744.0,158502.0,26417.0,0.04191466666666666,0.142878,0.021858,1.260503399737564,0.317004,0,0,0.0,0,0,0.003896,-0.051168,0,0,0,20957.333333333332,9.95029161873393,71439.0,11.17661321555038,125744.0,11.742011325740068,158502.0,11.973528799565145,26417.0,10.181800874983809
35,500000.0,1,1,1,58,-2,-2,-2,-2,-2,-2,13709.0,5006.0,31130.0,3180.0,0.0,5293.0,5006.0,31178.0,3180.0,0.0,5293.0,768.0,0,male,graduate_school,married,56_plus,limit_q5_high,9719.666666666666,31130.0,0.0,58318.0,45425.0,7570.833333333333,0.019439333333333333,0.06226,0.027418,0.778905673965603,0.09085,0,0,0.0,0,0,0.016832,0.060246,0,0,0,9719.666666666666,9.182009482208121,31130.0,10.345959386273389,58318.0,10.973683219759126,45425.0,10.723839907331362,7570.833333333333,8.932190501169554
36,160000.0,1,1,2,30,-1,-1,-2,-2,-2,-1,30265.0,-131.0,-527.0,-923.0,-1488.0,-1884.0,131.0,396.0,396.0,565.0,792.0,0.0,0,male,graduate_school,single,26_35,limit_q3,4218.666666666667,30265.0,-1884.0,25312.0,2280.0,380.0,0.02636666666666667,0.18915625,0.18915625,0.09007229486824951,0.01425,0,0,0.0,0,0,0.20093125,-0.00165625,0,0,0,4218.666666666667,8.347511414968718,30265.0,10.317780249246972,25312.0,10.139073376740225,2280.0,7.732369222284388,380.0,5.942799375126701
37,280000.0,1,2,1,40,0,0,0,0,0,0,186503.0,181328.0,180422.0,170410.0,173901.0,177413.0,8026.0,8060.0,6300.0,6400.0,6400.0,6737.0,0,male,university,married,36_45,limit_q5_high,178329.5,186503.0,170410.0,1069977.0,41923.0,6987.166666666667,0.6368910714285714,0.6660821428571428,0.6660821428571428,0.03918117942611904,0.149725,0,0,0.0,0,0,0.032464285714285716,0.010532142857142858,0,0,0,178329.5,12.091393849233354,186503.0,12.136207965557189,1069977.0,13.88314864547905,41923.0,10.643613734290067,6987.166666666667,8.851973521379758
38,60000.0,2,2,2,22,0,0,0,0,0,-1,15054.0,9806.0,11068.0,6026.0,-28335.0,18660.0,1500.0,1518.0,2043.0,0.0,47671.0,617.0,0,female,university,single,18_25,limit_q2,5379.833333333333,18660.0,-28335.0,32279.0,53349.0,8891.5,0.08966388888888889,0.311,0.2509,1.6526951672862453,0.88915,0,0,0.0,0,0,-0.0601,-0.7545,0,0,0,5379.833333333333,8.590598535832513,18660.0,9.834191063533472,32279.0,10.382203122383885,53349.0,10.8846292567299,8891.5,9.09296350382261
39,50000.0,1,1,2,25,1,-1,-1,-2,-2,-2,0.0,780.0,0.0,0.0,0.0,0.0,780.0,0.0,0.0,0.0,0.0,0.0,1,male,graduate_school,single,18_25,limit_q1_low,130.0,780.0,0.0,780.0,780.0,130.0,0.0026,0.0156,0.0,0.998719590268886,0.0156,1,1,0.16666666666666666,1,0,0.0,0.0156,0,0,0,130.0,4.875197323201151,780.0,6.660575149839686,780.0,6.660575149839686,780.0,6.660575149839686,130.0,4.875197323201151
40,280000.0,1,1,2,31,-1,-1,2,-1,0,-1,498.0,9075.0,4641.0,9976.0,17976.0,9477.0,9075.0,0.0,9976.0,8000.0,9525.0,781.0,0,male,graduate_school,single,26_35,limit_q5_high,8607.166666666666,17976.0,498.0,51643.0,37357.0,6226.166666666667,0.03073988095238095,0.0642,0.0017785714285714286,0.7233560529780807,0.13341785714285714,1,2,0.3333333333333333,0,0,-0.03206785714285714,-0.004396428571428571,0,0,0,8607.166666666666,9.06046664404808,17976.0,9.796848442046416,51643.0,10.852129301294609,37357.0,10.528302357719248,6226.166666666667,8.736676719676735
41,360000.0,1,1,2,33,0,0,0,0,0,0,218668.0,221296.0,206895.0,628699.0,195969.0,179224.0,10000.0,7000.0,6000.0,188840.0,28000.0,4000.0,0,male,graduate_school,single,26_35,limit_q5_high,275125.1666666667,628699.0,179224.0,1650751.0,243840.0,40640.0,0.7642365740740741,1.7463861111111112,0.6074111111111111,0.1477144961811344,0.6773333333333333,0,0,0.0,0,0,0.10956666666666667,-0.041666666666666664,0,0,0,275125.1666666667,12.524985059316515,370616.1899999982,13.351409474371152,1650751.0,14.316741499626582,243840.0,12.404271652521878,40640.0,10.612532688248846
42,70000.0,2,1,2,25,0,0,0,0,0,0,67521.0,66999.0,63949.0,63699.0,64718.0,65970.0,3000.0,4500.0,4042.0,2500.0,2800.0,2500.0,0,female,graduate_school,single,18_25,limit_q2,65476.0,67521.0,63699.0,392856.0,19342.0,3223.6666666666665,0.9353714285714285,0.9645857142857143,0.9645857142857143,0.04923419972152717,0.27631428571428573,0,0,0.0,0,0,0.022157142857142858,0.03142857142857143,1,1,1,65476.0,11.08945421491932,67521.0,11.120208749684231,392856.0,12.88120095695101,19342.0,9.870085875902097,3223.6666666666665,8.078584864714818
43,10000.0,1,2,2,22,0,0,0,0,0,0,1877.0,3184.0,6003.0,3576.0,3670.0,4451.0,1500.0,2927.0,1000.0,300.0,1000.0,500.0,0,male,university,single,18_25,limit_q1_low,3793.5,6003.0,1877.0,22761.0,7227.0,1204.5,0.37935,0.6003,0.1877,0.3175028556365873,0.7227,0,0,0.0,0,0,-0.2574,0.2927,0,0,0,3793.5,8.241307928843968,6003.0,8.700181192753353,22761.0,10.032847757841836,7227.0,8.885717651712119,1204.5,7.094649697621226
44,140000.0,2,2,1,37,0,0,0,0,0,0,59504.0,61544.0,62925.0,64280.0,67079.0,69802.0,3000.0,3000.0,3000.0,4000.0,4000.0,3000.0,0,female,university,married,36_45,limit_q3,64189.0,69802.0,59504.0,385134.0,20000.0,3333.3333333333335,0.45849285714285715,0.4985857142857143,0.4250285714285714,0.051929842782400974,0.14285714285714285,0,0,0.0,0,0,-0.07355714285714286,-0.007142857142857143,0,0,0,64189.0,11.069602714305823,69802.0,11.153432267769546,385134.0,12.861349201157454,20000.0,9.90353755128617,3333.3333333333335,8.11202803831707
45,40000.0,2,1,2,30,0,0,0,2,0,0,18927.0,21295.0,25921.0,25209.0,26636.0,29197.0,3000.0,5000.0,0.0,2000.0,3000.0,0.0,0,female,graduate_school,single,26_35,limit_q1_low,24530.833333333332,29197.0,18927.0,147185.0,13000.0,2166.6666666666665,0.6132708333333333,0.729925,0.473175,0.08832361773538244,0.325,1,2,0.3333333333333333,0,0,-0.25675,0.125,0,0,0,24530.833333333332,10.107726872875304,29197.0,10.281855492759925,147185.0,11.899452372058143,13000.0,9.472781556562168,2166.6666666666665,7.681406599201042
46,210000.0,1,1,2,29,-2,-2,-2,-2,-2,-2,0.0,0.0,0.0,0.0,0.0,0.0,0.0,0.0,0.0,0.0,0.0,0.0,1,male,graduate_school,single,26_35,limit_q4,0.0,0.0,0.0,0.0,0.0,0.0,0.0,0.0,0.0,0.0,0.0,0,0,0.0,0,0,0.0,0.0,0,0,0,0.0,0.0,0.0,0.0,0.0,0.0,0.0,0.0,0.0,0.0
47,20000.0,2,1,2,22,0,0,2,-1,0,0,14028.0,16484.0,15800.0,16341.0,16675.0,0.0,3000.0,0.0,16741.0,334.0,0.0,0.0,1,female,graduate_school,single,18_25,limit_q1_low,13221.333333333334,16675.0,0.0,79328.0,20075.0,3345.8333333333335,0.6610666666666667,0.83375,0.7014,0.25306004109468166,1.00375,1,2,0.3333333333333333,0,0,0.7014,0.15,0,0,1,13221.333333333334,9.489662598083484,16675.0,9.721725839000687,79328.0,11.281359040644935,20075.0,9.907280350774824,3345.8333333333335,8.115769904134405
48,150000.0,2,4,2,46,0,0,-1,0,0,-2,4463.0,3034.0,1170.0,1170.0,0.0,0.0,1013.0,1170.0,0.0,0.0,0.0,0.0,1,female,other,single,46_55,limit_q3,1639.5,4463.0,0.0,9837.0,2183.0,363.8333333333333,0.01093,0.029753333333333333,0.029753333333333333,0.2218946940435048,0.014553333333333333,0,0,0.0,0,0,0.029753333333333333,0.014553333333333333,0,0,0,1639.5,7.402756352401156,4463.0,8.403800504061147,9837.0,9.194007717355285,2183.0,7.688913336864796,363.8333333333333,5.8994406282948075
49,380000.0,1,2,2,32,-1,-1,-1,-1,-1,-1,22401.0,21540.0,15134.0,32018.0,11849.0,11873.0,21540.0,15138.0,24677.0,11851.0,11875.0,8251.0,0,male,university,single,26_35,limit_q5_high,19135.833333333332,32018.0,11849.0,114815.0,93332.0,15555.333333333334,0.05035745614035087,0.0842578947368421,0.05895,0.8128832218506131,0.24561052631578947,0,0,0.0,0,0,0.027705263157894736,0.04355789473684211,0,0,0,19135.833333333332,9.859370203739743,32018.0,10.374084755582075,114815.0,11.651086125978413,93332.0,11.443929022048328,15555.333333333334,9.652223123005264
50,20000.0,1,1,2,24,0,0,0,0,0,0,17447.0,18479.0,19476.0,19865.0,20480.0,20063.0,1318.0,1315.0,704.0,928.0,912.0,1069.0,0,male,graduate_school,single,18_25,limit_q1_low,19301.666666666668,20480.0,17447.0,115810.0,6246.0,1041.0,0.9650833333333334,1.024,0.87235,0.0539327006933711,0.3123,0,0,0.0,0,0,-0.1308,0.0326,1,1,1,19301.666666666668,9.867998534605825,20480.0,9.92725290608639,115810.0,11.659714830974059,6246.0,8.73985662749357,1041.0,6.948897222313312
51,70000.0,1,3,2,42,1,2,2,2,2,0,37042.0,36171.0,38355.0,39423.0,38659.0,39362.0,0.0,3100.0,2000.0,0.0,1500.0,1500.0,1,male,high_school,single,36_45,limit_q2,38168.666666666664,39423.0,36171.0,229012.0,8100.0,1350.0,0.5452666666666667,0.5631857142857143,0.5291714285714286,0.03536917118242196,0.11571428571428571,5,2,1.5,1,0,-0.03314285714285714,0.0014285714285714286,0,0,0,38168.666666666664,10.549796412839385,39423.0,10.582130046893191,229012.0,12.341534049484055,8100.0,8.999742789830492,1350.0,7.208600337960199
52,100000.0,2,3,3,43,0,0,0,0,0,0,61559.0,51163.0,43824.0,39619.0,35762.0,33258.0,2000.0,1606.0,1500.0,2000.0,1500.0,1000.0,0,female,high_school,other,36_45,limit_q2,44197.5,61559.0,33258.0,265185.0,9606.0,1601.0,0.441975,0.61559,0.61559,0.036223631715098084,0.09606,0,0,0.0,0,0,0.28301,0.01106,0,0,0,44197.5,10.696446130838345,61559.0,11.027767587952816,265185.0,12.488186745553477,9606.0,9.170247278409738,1601.0,7.379008127628304
53,310000.0,2,2,1,49,-2,-2,-2,-2,-2,-2,13465.0,7867.0,7600.0,11185.0,3544.0,464.0,7875.0,7600.0,11185.0,3544.0,464.0,0.0,0,female,university,married,46_55,limit_q5_high,7354.166666666667,13465.0,464.0,44125.0,30668.0,5111.333333333333,0.023723118279569893,0.04343548387096774,0.04343548387096774,0.6950097448216471,0.09892903225806451,0,0,0.0,0,0,0.041938709677419354,0.04842258064516129,0,0,0,7354.166666666667,8.903158293100573,13465.0,9.507923269105227,44125.0,10.694804456868317,30668.0,10.331007651425123,5111.333333333333,8.53941119998267
54,180000.0,2,1,2,25,1,2,0,0,0,0,41402.0,41742.0,42758.0,43510.0,44420.0,45319.0,1300.0,2010.0,1762.0,1762.0,1790.0,1622.0,0,female,graduate_school,single,18_25,limit_q3,43191.833333333336,45319.0,41402.0,259151.0,10246.0,1707.6666666666667,0.23995462962962966,0.25177222222222223,0.2300111111111111,0.03953664258813361,0.05692222222222222,2,2,0.5,1,0,-0.02176111111111111,-0.0005666666666666667,0,0,0,43191.833333333336,10.673429865408366,45319.0,10.721503715141942,259151.0,12.465170041126179,10246.0,9.234740258799718,1707.6666666666667,7.443468618255907
55,150000.0,2,1,2,29,2,0,0,0,0,0,46224.0,34993.0,31434.0,26518.0,21042.0,16540.0,1600.0,1718.0,1049.0,1500.0,2000.0,5000.0,0,female,graduate_school,single,26_35,limit_q3,29458.5,46224.0,16540.0,176751.0,12867.0,2144.5,0.19639,0.30816,0.30816,0.07279691318910111,0.08578,1,2,0.3333333333333333,2,0,0.19789333333333334,-0.024546666666666668,0,0,0,29458.5,10.290771717706944,46224.0,10.741276056255325,176751.0,12.082502899112056,12867.0,9.462498888358917,2144.5,7.67112790443158
56,500000.0,2,1,1,45,-2,-2,-2,-2,-2,-2,1905.0,3640.0,162.0,0.0,151.0,2530.0,3640.0,162.0,0.0,151.0,2530.0,0.0,0,female,graduate_school,married,36_45,limit_q5_high,1398.0,3640.0,0.0,8388.0,6483.0,1080.5,0.002796,0.00728,0.00381,0.7727977112885922,0.012966,0,0,0.0,0,0,-0.00125,0.002544,0,0,0,1398.0,7.243512974665482,3640.0,8.200013648175434,8388.0,9.034676602846295,6483.0,8.777092882855566,1080.5,6.986104245393113
57,180000.0,2,3,1,34,0,0,0,-1,-1,-1,16386.0,15793.0,8441.0,7142.0,-679.0,8321.0,8500.0,1500.0,7500.0,679.0,9000.0,2000.0,0,female,high_school,married,26_35,limit_q3,9234.0,16386.0,-679.0,55404.0,29179.0,4863.166666666667,0.0513,0.09103333333333333,0.09103333333333333,0.5266492193845321,0.16210555555555556,0,0,0.0,0,0,0.04480555555555556,-0.005555555555555556,0,0,0,9234.0,9.13075589263334,16386.0,9.704243616546224,55404.0,10.922425121370425,29179.0,10.281238822076777,4863.166666666667,8.489650688409837
58,180000.0,2,2,1,34,0,0,0,0,0,0,175886.0,173440.0,172308.0,168608.0,132202.0,129918.0,8083.0,7296.0,5253.0,4814.0,4816.0,3800.0,0,female,university,married,26_35,limit_q3,158727.0,175886.0,129918.0,952362.0,34062.0,5677.0,0.8818166666666667,0.9771444444444445,0.9771444444444445,0.035765774184843384,0.18923333333333334,0,0,0.0,0,0,0.25537777777777776,0.03757222222222222,1,1,0,158727.0,11.974947324474305,175886.0,12.077597022366296,952362.0,13.76670154361718,34062.0,10.435967030196949,5677.0,8.644354337032917
59,200000.0,2,1,2,34,-1,3,2,2,2,2,1587.0,1098.0,782.0,1166.0,700.0,1414.0,0.0,0.0,700.0,0.0,1200.0,0.0,0,female,graduate_school,single,26_35,limit_q4,1124.5,1587.0,700.0,6747.0,1900.0,316.6666666666667,0.0056225,0.007935,0.007935,0.2815649081209247,0.0095,5,3,1.8333333333333333,0,1,0.000865,-0.006,0,0,0,1124.5,7.025982660346787,1587.0,7.370230641807081,6747.0,8.817001443665859,1900.0,7.550135342488429,316.6666666666667,5.761002614986093
60,400000.0,2,2,1,29,0,0,0,0,0,0,400134.0,398857.0,404205.0,360199.0,356656.0,364089.0,17000.0,15029.0,30000.0,12000.0,12000.0,23000.0,0,female,university,married,26_35,limit_q5_high,380690.0,404205.0,356656.0,2284140.0,109029.0,18171.5,0.951725,1.0105125,1.000335,0.04773304274998785,0.2725725,0,0,0.0,0,0,0.0901125,-0.0074275,1,1,1,300288.1933333332,12.849743301429205,370616.1899999982,12.90967992797805,1801729.1599999992,14.641500581652936,109029.0,11.599378352700427,18171.5,9.80766474135879
61,500000.0,2,3,1,28,0,0,0,0,0,0,22848.0,23638.0,18878.0,14937.0,13827.0,15571.0,1516.0,1300.0,1000.0,1000.0,2000.0,2000.0,1,female,high_school,married,26_35,limit_q5_high,18283.166666666668,23638.0,13827.0,109699.0,8816.0,1469.3333333333333,0.03656633333333333,0.047276,0.045696,0.08036463081130356,0.017632,0,0,0.0,0,0,0.014554,-0.002368,0,0,0,18283.166666666668,9.813790754847995,23638.0,10.070653169440881,109699.0,11.605504646263322,8816.0,9.084436955087027,1469.3333333333333,7.29324441143683
62,70000.0,1,2,1,39,0,0,0,0,0,-1,70800.0,72060.0,69938.0,16518.0,14096.0,830.0,4025.0,2095.0,1000.0,2000.0,3000.0,0.0,0,male,university,married,36_45,limit_q2,40707.0,72060.0,830.0,244242.0,12120.0,2020.0,0.5815285714285714,1.0294285714285714,1.0114285714285713,0.04962271180750318,0.17314285714285715,0,0,0.0,0,0,0.9995714285714286,0.044571428571428574,1,1,0,40707.0,10.614179912311823,72060.0,11.185268261530247,244242.0,12.405918910333652,12120.0,9.402694764470512,2020.0,7.611347717403621
63,50000.0,1,1,2,29,2,2,2,2,2,2,24987.0,24300.0,26591.0,25865.0,27667.0,28264.0,0.0,2700.0,0.0,2225.0,1200.0,0.0,1,male,graduate_school,single,26_35,limit_q1_low,26279.0,28264.0,24300.0,157674.0,6125.0,1020.8333333333334,0.52558,0.56528,0.49974,0.038845726970033294,0.1225,6,2,2.0,2,0,-0.06554,0.03,0,0,0,26279.0,10.176563472598547,28264.0,10.249379569109392,157674.0,11.968291231531852,6125.0,8.72029728739272,1020.8333333333334,6.929353678534633
64,50000.0,2,2,1,46,0,0,0,-2,-2,-2,28718.0,29166.0,0.0,0.0,0.0,0.0,1000.0,0.0,0.0,0.0,0.0,0.0,1,female,university,married,46_55,limit_q1_low,9647.333333333334,29166.0,0.0,57884.0,1000.0,166.66666666666666,0.19294666666666668,0.58332,0.57436,0.01727563272004837,0.02,0,0,0.0,0,0,0.57436,0.02,0,0,0,9647.333333333334,9.174540467844995,29166.0,10.280793212183719,57884.0,10.96621356263983,1000.0,6.90875477931522,166.66666666666666,5.121977881431629
65,130000.0,2,2,1,51,-1,-1,-2,-2,-1,-1,99.0,0.0,0.0,0.0,2353.0,0.0,0.0,0.0,0.0,2353.0,0.0,0.0,0,female,university,married,46_55,limit_q3,408.6666666666667,2353.0,0.0,2452.0,2353.0,392.1666666666667,0.0031435897435897436,0.0181,0.0007615384615384615,0.9592335915205871,0.0181,0,0,0.0,0,0,0.0007615384615384615,0.0,0,0,0,408.6666666666667,6.015343820897925,2353.0,7.763871287820222,2452.0,7.8050670442584895,2353.0,7.763871287820222,392.1666666666667,5.9742336101796205
66,200000.0,1,1,1,57,-2,-2,-2,-1,2,2,152519.0,148751.0,144076.0,8174.0,8198.0,7918.0,0.0,0.0,8222.0,300.0,0.0,1000.0,1,male,graduate_school,married,56_plus,limit_q4,78272.66666666667,152519.0,7918.0,469636.0,9522.0,1587.0,0.39136333333333334,0.762595,0.762595,0.020275233850825213,0.04761,2,2,0.6666666666666666,0,0,0.723005,-0.005,0,1,0,78272.66666666667,11.267966512088066,152519.0,11.935051013971501,469636.0,13.059715334852184,9522.0,9.161465204194046,1587.0,7.370230641807081
67,10000.0,1,2,1,56,2,2,2,0,0,0,2097.0,4193.0,3978.0,4062.0,4196.0,4326.0,2300.0,0.0,150.0,200.0,200.0,160.0,1,male,university,married,56_plus,limit_q1_low,3808.6666666666665,4326.0,2097.0,22852.0,3010.0,501.6666666666667,0.38086666666666663,0.4326,0.2097,0.1317113726862994,0.301,3,2,1.0,2,0,-0.2229,0.194,0,0,0,3808.6666666666665,8.245296975229488,4326.0,8.372629740224884,22852.0,10.036837678732885,3010.0,8.010027528481734,501.6666666666667,6.219927259899792
68,210000.0,2,1,2,30,2,-1,-1,-1,-1,-1,300.0,300.0,1159.0,2280.0,300.0,4250.0,300.0,1159.0,2280.0,300.0,4250.0,909.0,0,female,graduate_school,single,26_35,limit_q4,1431.5,4250.0,300.0,8589.0,9198.0,1533.0,0.006816666666666667,0.02023809523809524,0.0014285714285714286,1.070779976717113,0.0438,1,2,0.3333333333333333,2,0,-0.01880952380952381,-0.017619047619047618,0,0,0,1431.5,7.267176448588895,4250.0,8.35490952835879,8589.0,9.0583540149783,9198.0,9.126850061477157,1533.0,7.335633981927201
69,130000.0,2,3,2,29,1,-2,-2,-1,2,-1,-190.0,-9850.0,-9850.0,10311.0,10161.0,7319.0,0.0,0.0,20161.0,0.0,7319.0,13899.0,0,female,high_school,single,26_35,limit_q3,1316.8333333333333,10311.0,-9850.0,7901.0,41379.0,6896.5,0.010129487179487178,0.07931538461538462,-0.0014615384615384616,5.236522399392559,0.3183,2,2,0.5,1,0,-0.05776153846153846,-0.16321538461538462,0,0,0,1316.8333333333333,7.183744252842872,10311.0,9.241063544619024,7901.0,8.974871170971337,41379.0,10.630552951299533,6896.5,8.838914306091441
70,20000.0,1,4,2,22,2,0,0,0,0,0,18565.0,17204.0,17285.0,18085.0,11205.0,5982.0,0.0,1200.0,1000.0,500.0,1000.0,0.0,0,male,other,single,18_25,limit_q1_low,14721.0,18565.0,5982.0,88326.0,3700.0,616.6666666666666,0.73605,0.92825,0.92825,0.041889795872156875,0.185,1,2,0.3333333333333333,2,0,0.62915,0.01,1,1,1,14721.0,9.59709825261865,18565.0,9.829087229959878,88326.0,11.388801115616609,3700.0,8.216358332386156,616.6666666666666,6.42594893761725
71,80000.0,1,1,2,31,-1,-1,-1,-1,-1,-1,780.0,0.0,390.0,390.0,390.0,390.0,0.0,390.0,390.0,390.0,390.0,390.0,0,male,graduate_school,single,26_35,limit_q2,390.0,780.0,0.0,2340.0,1950.0,325.0,0.004875,0.00975,0.00975,0.8329773601025203,0.024375,0,0,0.0,0,0,0.004875,-0.004875,0,0,0,390.0,5.968707559985366,780.0,6.660575149839686,2340.0,7.75833346749091,1950.0,7.576097340623111,325.0,5.786897381366708
72,320000.0,1,2,2,29,2,2,2,2,2,2,58267.0,59246.0,60184.0,58622.0,62307.0,63526.0,2500.0,2500.0,0.0,4800.0,2400.0,1600.0,1,male,university,single,26_35,limit_q5_high,60358.666666666664,63526.0,58267.0,362152.0,13800.0,2300.0,0.18862083333333332,0.19851875,0.182084375,0.03810544162273956,0.043125,6,2,2.0,2,0,-0.016434375,0.003125,0,0,0,60358.666666666664,11.008076390445508,63526.0,11.059220291360612,362152.0,12.79982205344944,13800.0,9.53249633228804,2300.0,7.741099090035366
73,200000.0,2,2,1,32,-1,-1,-1,-1,2,-1,9076.0,5787.0,-684.0,5247.0,3848.0,3151.0,5818.0,15.0,9102.0,17.0,3165.0,1395.0,0,female,university,married,26_35,limit_q4,4404.166666666667,9076.0,-684.0,26425.0,19512.0,3252.0,0.022020833333333333,0.04538,0.04538,0.7383637326875048,0.09756,1,2,0.3333333333333333,0,0,0.029625,0.006365,0,0,0,4404.166666666667,8.390533373447184,9076.0,9.113499020526627,26425.0,10.182103652974162,19512.0,9.878836189094999,3252.0,8.087332926473351
74,290000.0,2,1,2,37,1,-2,-1,-1,-1,-1,0.0,0.0,3155.0,0.0,2359.0,0.0,0.0,3155.0,0.0,2359.0,0.0,0.0,0,female,graduate_school,single,36_45,limit_q5_high,919.0,3155.0,0.0,5514.0,5514.0,919.0,0.0031689655172413792,0.010879310344827586,0.0,0.999818676337262,0.019013793103448275,1,1,0.16666666666666666,1,0,0.0,0.010879310344827586,0,0,0,919.0,6.824373670043086,3155.0,8.057060681965766,5514.0,8.615226931687603,5514.0,8.615226931687603,919.0,6.824373670043086
75,340000.0,1,1,2,32,-1,-1,-1,-1,-1,-1,3048.0,5550.0,23337.0,4291.0,80153.0,25820.0,5713.0,23453.0,4314.0,80552.0,25949.0,2016.0,0,male,graduate_school,single,26_35,limit_q5_high,23699.833333333332,80153.0,3048.0,142199.0,141997.0,23666.166666666668,0.06970539215686274,0.23574411764705883,0.00896470588235294,0.9985724331926864,0.41763823529411764,0,0,0.0,0,0,-0.06697647058823529,0.0035323529411764704,0,0,0,23699.833333333332,10.073265488249085,80153.0,11.291705063217867,142199.0,11.864989796351278,141997.0,11.863568251977169,23666.166666666668,10.07184399389274
76,20000.0,1,2,2,24,0,0,2,0,0,0,14619.0,17216.0,16642.0,16976.0,17332.0,18543.0,2850.0,0.0,610.0,630.0,1500.0,0.0,0,male,university,single,18_25,limit_q1_low,16888.0,18543.0,14619.0,101328.0,5590.0,931.6666666666666,0.8444,0.92715,0.73095,0.05516683279219177,0.2795,1,2,0.3333333333333333,0,0,-0.1962,0.0675,0,0,1,16888.0,9.734417801417921,18543.0,9.827901565579532,101328.0,11.526127927647984,5590.0,8.628913441026645,931.6666666666666,6.838047866557317
77,50000.0,1,3,2,25,-1,0,0,0,0,0,42838.0,37225.0,36087.0,9636.0,9590.0,10030.0,1759.0,1779.0,320.0,500.0,1000.0,1000.0,0,male,high_school,single,18_25,limit_q1_low,24234.333333333332,42838.0,9590.0,145406.0,6358.0,1059.6666666666667,0.48468666666666665,0.85676,0.85676,0.04372554278679844,0.12716,0,0,0.0,0,0,0.65616,0.03076,1,1,1,24234.333333333332,10.095566902397115,42838.0,10.665204181618838,145406.0,11.887291985976361,6358.0,8.757626411267408,1059.6666666666667,6.966652920229622
78,300000.0,2,1,1,45,-1,-1,-1,-1,-1,-1,291.0,291.0,291.0,291.0,291.0,291.0,291.0,291.0,291.0,291.0,291.0,291.0,0,female,graduate_school,married,36_45,limit_q5_high,291.0,291.0,291.0,1746.0,1746.0,291.0,0.00097,0.00097,0.00097,0.9994275901545506,0.00582,0,0,0.0,0,0,0.0,0.0,0,0,0,291.0,5.676753802268282,291.0,5.676753802268282,1746.0,7.465655310134056,1746.0,7.465655310134056,291.0,5.676753802268282
79,30000.0,2,2,2,22,0,0,0,0,0,0,28387.0,29612.0,30326.0,28004.0,26446.0,6411.0,1686.0,1400.0,560.0,3000.0,1765.0,0.0,1,female,university,single,18_25,limit_q1_low,24864.333333333332,30326.0,6411.0,149186.0,8411.0,1401.8333333333333,0.828811111111111,1.0108666666666666,0.9462333333333334,0.05637890700932387,0.28036666666666665,0,0,0.0,0,0,0.7325333333333334,0.044033333333333334,1,1,1,24864.333333333332,10.121229876783227,30326.0,10.319793683822168,149186.0,11.912955831588347,8411.0,9.03741453682259,1401.8333333333333,7.246249279983521
80,240000.0,2,2,2,44,1,-2,-2,-2,-2,-2,0.0,0.0,0.0,0.0,0.0,0.0,0.0,0.0,0.0,0.0,0.0,0.0,1,female,university,single,36_45,limit_q4,0.0,0.0,0.0,0.0,0.0,0.0,0.0,0.0,0.0,0.0,0.0,1,1,0.16666666666666666,1,0,0.0,0.0,0,0,0,0.0,0.0,0.0,0.0,0.0,0.0,0.0,0.0,0.0,0.0
81,470000.0,2,3,3,33,0,0,0,0,0,0,165254.0,157784.0,162702.0,69923.0,29271.0,29889.0,6400.0,7566.0,3000.0,960.0,1000.0,3000.0,0,female,high_school,other,26_35,limit_q5_high,102470.5,165254.0,29271.0,614823.0,21926.0,3654.3333333333335,0.21802234042553192,0.35160425531914896,0.35160425531914896,0.035662238299090473,0.04665106382978723,0,0,0.0,0,0,0.2880106382978723,0.021204255319148935,0,0,0,102470.5,11.537339990117383,165254.0,12.015245014442275,614823.0,13.329091326969882,21926.0,9.9954740331485,3654.3333333333335,8.203942567295885
82,360000.0,2,1,2,26,0,0,0,0,0,-1,23411.0,27796.0,30400.0,33100.0,180000.0,196.0,4796.0,3400.0,3100.0,146900.0,196.0,2963.0,0,female,graduate_school,single,26_35,limit_q5_high,49150.5,180000.0,196.0,294903.0,161355.0,26892.5,0.13652916666666667,0.5,0.06503055555555555,0.5471441553861596,0.4482083333333333,0,0,0.0,0,0,0.0644861111111111,0.013991666666666666,0,0,0,49150.5,10.802662643929562,180000.0,12.100717685412471,294903.0,12.594405158631352,161355.0,11.991368383029808,26892.5,10.199639900703591
83,60000.0,1,3,2,30,0,0,0,0,0,0,26324.0,27471.0,28108.0,21993.0,19899.0,19771.0,1576.0,1213.0,648.0,768.0,1140.0,0.0,1,male,high_school,single,26_35,limit_q2,23927.666666666668,28108.0,19771.0,143566.0,5345.0,890.8333333333334,0.39879444444444445,0.46846666666666664,0.4387333333333333,0.0372300041095795,0.08908333333333333,0,0,0.0,0,0,0.10921666666666667,0.027483333333333332,0,0,0,23927.666666666668,10.082832461283527,28108.0,10.243845088739151,143566.0,11.874557104173116,5345.0,8.584103896698863,890.8333333333334,6.79327926908325
84,400000.0,2,2,1,44,0,0,2,0,0,0,131595.0,139060.0,126819.0,104430.0,104990.0,94058.0,10700.0,3.0,3050.0,3000.0,3200.0,2800.0,0,female,university,married,36_45,limit_q5_high,116825.33333333333,139060.0,94058.0,700952.0,22753.0,3792.1666666666665,0.29206333333333334,0.34765,0.3289875,0.03246009361540645,0.0568825,1,2,0.3333333333333333,0,0,0.0938425,0.0117575,0,0,0,116825.33333333333,11.668443780585743,139060.0,11.842667964767667,700952.0,13.460196116693366,22753.0,10.032496233099662,3792.1666666666665,8.240956481315859
85,50000.0,2,3,2,49,0,0,0,0,0,0,48909.0,47863.0,21489.0,20414.0,19342.0,19482.0,1676.0,1302.0,700.0,699.0,849.0,826.0,0,female,high_school,single,46_55,limit_q1_low,29583.166666666668,48909.0,19342.0,177499.0,6052.0,1008.6666666666666,0.5916633333333333,0.97818,0.97818,0.03409577464788732,0.12104,0,0,0.0,0,0,0.58854,0.02606,1,1,0,29583.166666666668,10.294994587286897,48909.0,10.797737153533403,177499.0,12.086725887897607,6052.0,8.708309295891688,1008.6666666666666,6.917375522359127
86,160000.0,1,2,2,33,0,0,0,0,0,0,130028.0,107808.0,71934.0,118418.0,118407.0,120418.0,4400.0,3547.0,80000.0,4500.0,4800.0,4500.0,0,male,university,single,26_35,limit_q3,111168.83333333333,130028.0,71934.0,667013.0,101747.0,16957.833333333332,0.6948052083333333,0.812675,0.812675,0.15254102612538867,0.63591875,0,0,0.0,0,0,0.0600625,-0.00845625,1,0,0,111168.83333333333,11.618814341021116,130028.0,11.77551278148284,667013.0,13.41056631418273,101747.0,11.530254447092004,16957.833333333332,9.738544117671625
87,360000.0,2,1,1,45,-1,-1,2,0,-1,-1,390.0,1170.0,780.0,390.0,390.0,390.0,1170.0,0.0,0.0,390.0,390.0,390.0,1,female,graduate_school,married,36_45,limit_q5_high,585.0,1170.0,390.0,3510.0,2340.0,390.0,0.001625,0.00325,0.0010833333333333333,0.6664767872401025,0.0065,1,2,0.3333333333333333,0,0,0.0,0.0010833333333333333,0,0,0,585.0,6.373319789577012,1170.0,7.065613363597717,3510.0,8.163656176168432,2340.0,7.75833346749091,390.0,5.968707559985366
88,160000.0,2,2,2,32,0,0,0,0,0,-1,3826.0,4751.0,6604.0,8604.0,7072.0,766.0,1147.0,2000.0,2000.0,0.0,766.0,2303.0,0,female,university,single,26_35,limit_q3,5270.5,8604.0,766.0,31623.0,8216.0,1369.3333333333333,0.032940625,0.053775,0.0239125,0.2598026815077157,0.05135,0,0,0.0,0,0,0.019125,0.0004875,0,0,0,5270.5,8.570070231017004,8604.0,9.06009870864564,31623.0,10.361671604976522,8216.0,9.013960457931187,1369.3333333333333,7.222809298229769
89,130000.0,2,1,1,35,0,0,0,-1,-1,-1,81313.0,117866.0,17740.0,1330.0,7095.0,1190.0,40000.0,5000.0,1330.0,7095.0,1190.0,2090.0,0,female,graduate_school,married,26_35,limit_q3,37755.666666666664,117866.0,1190.0,226534.0,56705.0,9450.833333333334,0.2904282051282051,0.9066615384615384,0.6254846153846154,0.2503145209349549,0.4361923076923077,0,0,0.0,0,0,0.6163307692307692,0.3209230769230769,0,0,0,37755.666666666664,10.53891733952665,117866.0,11.677312149127815,226534.0,12.330654737353722,56705.0,10.945635304223112,9450.833333333334,9.153964005198874
90,20000.0,1,3,2,44,2,2,0,0,0,2,8583.0,8303.0,9651.0,10488.0,12314.0,11970.0,0.0,1651.0,1000.0,2000.0,0.0,1500.0,0,male,high_school,single,36_45,limit_q1_low,10218.166666666666,12314.0,8303.0,61309.0,6151.0,1025.1666666666667,0.5109083333333333,0.6157,0.42915,0.10032621105855488,0.30755,3,2,1.0,2,0,-0.16935,0.00755,0,0,0,10218.166666666666,9.232020320968072,12314.0,9.418573310554638,61309.0,11.023698240756733,6151.0,8.72453251118548,1025.1666666666667,6.933585455683155
91,200000.0,1,1,1,53,2,2,2,2,2,2,138180.0,140774.0,142460.0,144098.0,147124.0,149531.0,6300.0,5500.0,5500.0,5500.0,5000.0,5000.0,1,male,graduate_school,married,46_55,limit_q4,143694.5,149531.0,138180.0,862167.0,32800.0,5466.666666666667,0.7184725,0.747655,0.6909,0.03804362954783754,0.164,6,2,2.0,2,0,-0.056755,0.009,0,0,0,143694.5,11.8754517563367,149531.0,11.915265695730868,862167.0,13.667205426247799,32800.0,10.39821428171237,5466.666666666667,8.606607235244375
92,280000.0,2,1,2,39,-1,-1,-1,0,0,-2,7524.0,0.0,3968.0,3868.0,0.0,0.0,0.0,3968.0,0.0,0.0,0.0,0.0,0,female,graduate_school,single,36_45,limit_q5_high,2560.0,7524.0,0.0,15360.0,3968.0,661.3333333333334,0.009142857142857144,0.02687142857142857,0.02687142857142857,0.2583165158518326,0.014171428571428571,0,0,0.0,0,0,0.02687142857142857,0.014171428571428571,0,0,0,2560.0,7.848153086199526,7524.0,8.925986089617076,15360.0,9.639587108749145,3968.0,8.286269452783065,661.3333333333334,6.495768953883707
93,100000.0,2,1,2,27,-2,-2,-2,-2,-2,-2,-2000.0,5555.0,0.0,0.0,0.0,0.0,7555.0,0.0,0.0,0.0,0.0,0.0,0,female,graduate_school,single,26_35,limit_q2,592.5,5555.0,-2000.0,3555.0,7555.0,1259.1666666666667,0.005925,0.05555,-0.02,2.124578177727784,0.07555,0,0,0.0,0,0,-0.02,0.07555,0,0,0,592.5,6.386037214049723,5555.0,8.622633703874234,3555.0,8.176391596633795,7555.0,8.9300972286214,1259.1666666666667,7.138999266330215
94,160000.0,2,2,1,37,-1,-1,-1,-1,-1,-2,880.0,1602.0,840.0,840.0,0.0,0.0,1602.0,840.0,840.0,0.0,0.0,7736.0,0,female,university,married,36_45,limit_q3,693.6666666666666,1602.0,0.0,4162.0,11018.0,1836.3333333333333,0.004335416666666666,0.0100125,0.0055,2.646649051165025,0.0688625,0,0,0.0,0,0,0.0055,-0.0330875,0,0,0,693.6666666666666,6.543432114205148,1602.0,7.3796321526095525,4162.0,8.333991247194975,11018.0,9.307376334487778,1836.3333333333333,7.516070524025385
95,60000.0,2,2,2,23,0,0,0,0,0,0,45648.0,46850.0,47214.0,19595.0,19209.0,19323.0,1937.0,1301.0,682.0,690.0,816.0,835.0,0,female,university,single,18_25,limit_q2,32973.166666666664,47214.0,19209.0,197839.0,6261.0,1043.5,0.5495527777777778,0.7869,0.7608,0.03164678528103518,0.10435,0,0,0.0,0,0,0.43875,0.02645,0,1,1,32973.166666666664,10.403479705595723,47214.0,10.76246691769717,197839.0,12.195213902195297,6261.0,8.742254901886351,1043.5,6.95129358099662
96,90000.0,1,2,2,35,0,0,0,0,0,0,83725.0,85996.0,87653.0,35565.0,30942.0,30835.0,3621.0,3597.0,1179.0,1112.0,1104.0,1143.0,0,male,university,single,26_35,limit_q2,59119.333333333336,87653.0,30835.0,354716.0,11756.0,1959.3333333333333,0.6568814814814815,0.9739222222222222,0.9302777777777778,0.0331419131307493,0.13062222222222222,0,0,0.0,0,0,0.5876666666666667,0.055233333333333336,1,1,0,59119.333333333336,10.987330193856076,87653.0,11.38115252536057,354716.0,12.779075567439543,11756.0,9.372204086867741,1959.3333333333333,7.580869805791846
97,360000.0,1,1,1,43,-1,-1,-1,-1,-1,0,3967.0,8322.0,3394.0,6451.0,26370.0,9956.0,8339.0,3394.0,12902.0,27000.0,0.0,68978.0,0,male,graduate_school,married,36_45,limit_q5_high,9743.333333333334,26370.0,3394.0,58460.0,120613.0,20102.166666666668,0.027064814814814816,0.07325,0.011019444444444445,2.0631361078325723,0.3350361111111111,0,0,0.0,0,0,-0.016636111111111112,-0.1590138888888889,0,0,0,9743.333333333334,9.184441198450495,26370.0,10.180020200509242,58460.0,10.976115144232244,120613.0,11.700350642773225,20102.166666666668,9.908632627243469
98,150000.0,1,1,2,27,0,0,0,0,0,0,86009.0,86108.0,89006.0,89775.0,87725.0,40788.0,4031.0,10006.0,3266.0,4040.0,1698.0,800.0,0,male,graduate_school,single,26_35,limit_q3,79901.83333333333,89775.0,40788.0,479411.0,23841.0,3973.5,0.5326788888888888,0.5985,0.5733933333333333,0.04972966884433431,0.15894,0,0,0.0,0,0,0.3014733333333333,0.07692666666666667,0,0,0,79901.83333333333,11.288566592118547,89775.0,11.405072957990754,479411.0,13.080315631958255,23841.0,10.079204010277946,3973.5,8.287654233013168
99,50000.0,2,3,1,22,0,0,0,0,0,0,18722.0,18160.0,16997.0,13150.0,8866.0,7899.0,1411.0,1194.0,379.0,281.0,321.0,197.0,0,female,high_school,married,18_25,limit_q1_low,13965.666666666666,18722.0,7899.0,83794.0,3783.0,630.5,0.2793133333333333,0.37444,0.37444,0.04514589175965153,0.07566,0,0,0.0,0,0,0.21646,0.04174,0,0,0,13965.666666666666,9.54442881724212,18722.0,9.837507993602152,83794.0,11.336128618818973,3783.0,8.238536930171769,630.5,6.448097941790546
100,20000.0,1,2,1,38,0,0,0,0,0,-1,17973.0,19367.0,19559.0,18240.0,17928.0,150.0,1699.0,1460.0,626.0,1750.0,150.0,0.0,1,male,university,married,36_45,limit_q1_low,15536.166666666666,19559.0,150.0,93217.0,5685.0,947.5,0.7768083333333333,0.97795,0.89865,0.060986075650625415,0.28425,0,0,0.0,0,0,0.89115,0.15045,1,1,0,15536.166666666666,9.650990282116057,19559.0,9.881241943588808,93217.0,11.442696115073106,5685.0,8.645762292210945,947.5,6.854881789375069
